index,snr_db,clean,noisy,seconds,clean_sha256,noisy_sha256
0,2.5,clean/esm_0000_snr2.5.wav,noisy/esm_0000_snr2.5.wav,21.401,71c4fced8c69104c22f2ab0702c9ee1d9758d4080dbf8fe0f43ef018ba21bd31,c5c4b0f78cc44224fcbb6375d5e5ce79101569fab9e39dae79023872cacbccef
1,7.5,clean/esm_0001_snr7.5.wav,noisy/esm_0001_snr7.5.wav,16.513,804eee1bc81350c06d3c7532d7793937257d1b1eb375968d078eef641d178db1,00ee146181082a877ffcf6ef10e159352134590c271526b509ea02910bf74b1c
2,12.5,clean/esm_0002_snr12.5.wav,noisy/esm_0002_snr12.5.wav,16.843,746802ba66e5f3fcdc2c81016e5a4b60bda953e244bf85ef59d615bd4a22fed1,d0fcf20c86235d8a00f16dbb35f5d9c013a61988aad65a215c3439c21802b7b8
3,17.5,clean/esm_0003_snr17.5.wav,noisy/esm_0003_snr17.5.wav,18.883,66333c2e21dab4a4a40f3ab7d933cd268e530bb55f5a77b8dbdc80943859d4aa,bb4df8c1be6e1b8f23de7c011f0051dfbe7a002f842b8d53eb571da680acf175
4,2.5,clean/esm_0004_snr2.5.wav,noisy/esm_0004_snr2.5.wav,17.896,c068c653d6d17c0e8b2c1d1bb239a8baf07e06879a5f8e0a3aff6774f06a7c3c,47ebc19b086fa65bce6804b62fe8cb19bd51b1e9c170ab2a1b9ee5a8b4566e9e
5,7.5,clean/esm_0005_snr7.5.wav,noisy/esm_0005_snr7.5.wav,11.185,cff77bfd3ee7c20f9912e7296c3833821b076fabc7190854292c6309c13cbaa1,119305fb167aff7f2b1e59573c57c12c2e04fb9bcc9a0d4ef0b6fe86bea1f430
6,12.5,clean/esm_0006_snr12.5.wav,noisy/esm_0006_snr12.5.wav,16.362,626f14c30572292d671350a458b182433fe286642efe10660e3c7be10cdf3b08,e497fb947204158b885d10b5a38f6120fbf3f2fd83e2c7d0b6fcac786f9ea2d9
7,17.5,clean/esm_0007_snr17.5.wav,noisy/esm_0007_snr17.5.wav,187.401,db762ad66aa4d745003323bf35b67a36c6afad759de162f3734c4b9ec2e779bb,1b19a96f3748475d0abd2f32aaefd650ea72515f5836697e0d76a4c5121c4201
8,2.5,clean/esm_0008_snr2.5.wav,noisy/esm_0008_snr2.5.wav,9.186,2730e14af57afc2674d0dd1eefbfd034763384fd126cc7247ea79311bee72331,eda9da14251f6b295b74c90a8c2f011fe8d3095409f64057bb150d223fac1158
9,7.5,clean/esm_0009_snr7.5.wav,noisy/esm_0009_snr7.5.wav,27.809,5673e3440775c3d4c779db65ac67fd55cc62849a7841b87644c30f33d2ab07c0,040107a2ce2953fc4e8fb7b7c43761c955ff82f59606eee9f8b0fc9ea0a0234c
10,12.5,clean/esm_0010_snr12.5.wav,noisy/esm_0010_snr12.5.wav,21.857,f12e7a1a82c3facf8646ff0770c331e17d8d2e15218bd367ecaf7111ad22ef59,f67fd12a4609539a90cdeac64bda51b3e85b9eeb38500946b6311c7e973db645
11,17.5,clean/esm_0011_snr17.5.wav,noisy/esm_0011_snr17.5.wav,12.945,b99bb6cbc49f7ef0e4cf3fcc10ec6e35459374d29814b3092f33c7e30d65cbff,cf5368412585b625599af1cace33a2ccf9da4ad0296f51c1031f840b76f57711
12,2.5,clean/esm_0012_snr2.5.wav,noisy/esm_0012_snr2.5.wav,10.909,f62332ec9ab4fe5c8e5d7366da0a06a21a222edc54ee9ac5fcb2b79e535ba7f6,aa41810f8a4cf8be4008fae8dafa8342c480d213c9f61bd2662493865ad577c4
13,7.5,clean/esm_0013_snr7.5.wav,noisy/esm_0013_snr7.5.wav,18.268,bca659ab254a8b1eff26d0aa0dc1d891eb3ae2701105189871008394af168805,f34da54084245e3a1f3b28d8bd944c38af0a814ac41c6da5a7fb6481a889e7f1
14,12.5,clean/esm_0014_snr12.5.wav,noisy/esm_0014_snr12.5.wav,25.09,f2172197db3bc46a45d1969e16d1ca9b13dcbfee94090acb75f13447e8c074ab,c0d9a9a6e5640ca3a349b2cdd68dcb5e7cf0211be592dc205af815f18db50835
15,17.5,clean/esm_0015_snr17.5.wav,noisy/esm_0015_snr17.5.wav,12.841,0a8826a60ab8fa1b29e65128e2ff5f4e6f25eaaa34acf9594c8b487498896fe7,2653d584aaa3ac333ecfde91a074538194939f0194d2b6b51ddd46d778a4cb91
16,2.5,clean/esm_0016_snr2.5.wav,noisy/esm_0016_snr2.5.wav,13.759,864efa2e1796033550f5628f5d3aad8272096daae50f5f68bf2c62b29089b8fb,167549000d30eea872e9ce0e6426a03f94f74b8de79dfab54d79cc9335db046a
17,7.5,clean/esm_0017_snr7.5.wav,noisy/esm_0017_snr7.5.wav,17.366,2b7a55cc53515a3170880d8015ae8230a09ed9a2f1a27cc541d9edb6e4d10d23,3b1b300d0389c558a163acd2fbac24b598513d44e29ab3d65d4a8ca365c6de01
18,12.5,clean/esm_0018_snr12.5.wav,noisy/esm_0018_snr12.5.wav,21.155,283ea971568a2c36b1b4420317f4f0b934fa18f3ea10510fa87cf11435537dcb,e0ab515fca4b3e3c252102970b86f734acc280979f9e1473d474c83d01ba8cca
19,17.5,clean/esm_0019_snr17.5.wav,noisy/esm_0019_snr17.5.wav,15.269,df835622c5f7a3e32fbd7a4874b3f99091ff6953e6973d40b2fa377ea2df3dba,031402ba1472821c92026e2853aabb40217e68b9fc90ca094f37d7417d8ca892
20,2.5,clean/esm_0020_snr2.5.wav,noisy/esm_0020_snr2.5.wav,13.787,941e722503f903de3423bddbe23381606d7496289c6c7cb4f8915d39de2a40c4,2844ccd263fe3fee2b785c81b86ed8cda6b0efc90475335991223cf6e477631d
21,7.5,clean/esm_0021_snr7.5.wav,noisy/esm_0021_snr7.5.wav,9.974,eeaa5d19c411fda821874b493660c096adc3ebbdc0f327938128a62366e82cd9,8004a967866ae8ce149a16c37cefe5773c7d552aa01fc10bb99487f43f813d60
22,12.5,clean/esm_0022_snr12.5.wav,noisy/esm_0022_snr12.5.wav,16.388,cc77b59677a4c25e8c703ef58146fe6ae9685e157b5712e8d870bd2313717811,85b2185d4ab400efde1b531f4eaa2bc6334a7978bd4c4f5afc9673a1bed67c7c
23,17.5,clean/esm_0023_snr17.5.wav,noisy/esm_0023_snr17.5.wav,13.578,d0614dd96826e789c388014506f075c16b84ffa48c2bd10b09c150ab82ee9bb1,cb0bbc4c9379304792b42aea0eaaacd08368b7777df33e1e7f996f987e46e70e
24,2.5,clean/esm_0024_snr2.5.wav,noisy/esm_0024_snr2.5.wav,11.497,e6f479c62e6cca5f63ad29ec4fe25e9db5fca208cfb82a72fd82ba4fb1de4786,d71568c38c440dde5146d490735dd647dcbf790a641dfd5cde5bf1b2ca477a63
25,7.5,clean/esm_0025_snr7.5.wav,noisy/esm_0025_snr7.5.wav,18.309,cff91b75ac52070106cdc1c3e78b685dc9d41756e5a782d6d4cf2feab9597972,23c56431e34f8b712a692e3e1393a4fd21139ec1c2924038cc7f40256b4020e4
26,12.5,clean/esm_0026_snr12.5.wav,noisy/esm_0026_snr12.5.wav,17.43,d616ea2b2a255e6f6674ea9b647bd9fb2619ce8e273d41c972b9566eaf208796,a092ba6a9556d51d10ddb2b41298f8af06366f705d4ab29a443ef2de8c18bce0
27,17.5,clean/esm_0027_snr17.5.wav,noisy/esm_0027_snr17.5.wav,12.953,c895020f4672339af97fdd7eeee4f9f374ece9ea17ae7524db73cdec31d1715c,98831aab0116e2bf6046cfc743c986c4e11c76145f2d38fc5e8bd56a6b8629b8
28,2.5,clean/esm_0028_snr2.5.wav,noisy/esm_0028_snr2.5.wav,10.333,55c63d5c9cb3e5a6d3a50a620177279210cca2d97e3aaef77e210bc6b3df5bf9,b221d397d61497b55717c8b6e25593439418d9147574b5fee5bd81e393d44186
29,7.5,clean/esm_0029_snr7.5.wav,noisy/esm_0029_snr7.5.wav,14.972,9d6d4c8026571c6e5492931c8c39db8eb5509738fd79dc2ef3ae15fc24d36750,b7b1e87585bcdd83dcecdcbf494df3c0b229a2d883f497b4636eff04c9e1cb7f
30,12.5,clean/esm_0030_snr12.5.wav,noisy/esm_0030_snr12.5.wav,8.272,15b8e72da248f245f7ba052a0f60148e9180982cdb8e0da916f2d0f90a507a59,731ce2a0bda0fdaa0d856a698445c59dffa69cc88a13949854f4766c80f91fc0
31,17.5,clean/esm_0031_snr17.5.wav,noisy/esm_0031_snr17.5.wav,14.626,8a5cb4348b669538918e51fc22d1af8e0506b4f8c99ed3328b94c22b459521c8,76726d0c261780bbd59a52b891a0284ca55adc4aef593d99abcf5e970ad7f823
32,2.5,clean/esm_0032_snr2.5.wav,noisy/esm_0032_snr2.5.wav,17.173,7e597939f86cb122f6f770afd784dfe9bdc575a21118a3a5140c165dd577a5e0,160de19d0d631ade60fb6fed21ec2ae47c9736752a7b32230007ddaff71ae836
33,7.5,clean/esm_0033_snr7.5.wav,noisy/esm_0033_snr7.5.wav,15.992,ccd9bcba9ccf08af1f3135dfc433457cd398a7090913df5c328c1aa97fdd396f,f4aff3b9ca5daf661fe9af78837185115cceb202ab522e0272dbc01fc843ee35
34,12.5,clean/esm_0034_snr12.5.wav,noisy/esm_0034_snr12.5.wav,14.015,69ee9bc27596ccadd19a6238d39bcf7e8669055625a68c7d73cf411fd76f49cb,f90782ae3daf96d8be4fda69dd16a3697092da97a526b88848b1e4d8f45bf5aa
35,17.5,clean/esm_0035_snr17.5.wav,noisy/esm_0035_snr17.5.wav,10.556,5cb3c43fd297a00537de1540f2b75d40b341f538aef75bbbe645fbe5d0aef1cd,db8775b5c385f82a7935c8867385c1d2132d33712e47910ec7c9ba11cc727436
36,2.5,clean/esm_0036_snr2.5.wav,noisy/esm_0036_snr2.5.wav,17.936,9c40d06f7d977663dbf617037240550d5abc437dea00d85152ff295d1129eb43,0a48388081418f71d2c1c5bb2720b439d24484db7fbfa3989088a9174c4b0c2c
37,7.5,clean/esm_0037_snr7.5.wav,noisy/esm_0037_snr7.5.wav,178.222,1239197f6969ecf6d887bf475324b9e42a8b8c0b7e43e7850f6493ee508a4a31,a92a72ddc439250d51cd42b348be2f638fa4f72f292459e01ef2e4931a45229b
38,12.5,clean/esm_0038_snr12.5.wav,noisy/esm_0038_snr12.5.wav,10.78,c51496de3db92bb13a032072994ec92ecc207d75d84ad85dd88a0dd84b57efc9,c10ed14aa7264734d2bf4b5d7044a26042d65f17da08c7fdfe96aa55dd2d64c0
39,17.5,clean/esm_0039_snr17.5.wav,noisy/esm_0039_snr17.5.wav,78.376,ce904e3a95500f9c66ce0ed7ffbc030edbaafb77d816bb4353690bc627a43c5a,bfced47859fe0e3b4c5a78523fb5c90d72042d4d29ecf1883bbf1d67d875f75f
40,2.5,clean/esm_0040_snr2.5.wav,noisy/esm_0040_snr2.5.wav,17.059,78fd85e5981074290e4154db5a9f7bc4010948e61bcd146c220798680c8fec9e,74b456489296372fb820ed0d9bb4bcf00cce88a4f0a2ebb61ae81fa7b679d232
41,7.5,clean/esm_0041_snr7.5.wav,noisy/esm_0041_snr7.5.wav,19.136,4a4d0c8e7ff09c5f78808705cba1df0d60d5c224725f93220e6862918688d1ea,998cbaf52a5712557815dcf354cb2591ebad137cf1556e99ee02dd0084a376f8
42,12.5,clean/esm_0042_snr12.5.wav,noisy/esm_0042_snr12.5.wav,14.075,c72349c041c015b6dd8794117b701f8caf64e679c7ccb357ee2f326a492b0acf,fcdaf6972170db2685a2c26851b2a295fa0aab927230e5e67c01035b10d40a7c
43,17.5,clean/esm_0043_snr17.5.wav,noisy/esm_0043_snr17.5.wav,13.964,3da4209f3761c997c0e3ef8f1b5ffc919fd7a78d58ca4bf3c0ad6576b2b69e85,ba08fbd08c076a69d8683ce7701560722d0c9d256a99d3d74e772f0f2b599e78
44,2.5,clean/esm_0044_snr2.5.wav,noisy/esm_0044_snr2.5.wav,13.912,a4e2e3596f5240f8847d9cb7ced9f87abb34b47c57beffd17f7e6e3a690790f1,ec80c7967fa760b205583574c3e3fcef31ef5b6626dfcc77c2df7145b046abb3
45,7.5,clean/esm_0045_snr7.5.wav,noisy/esm_0045_snr7.5.wav,18.205,a9bcfe3ee1c142a263c328cc7496ae1673d3edd1091b8d9bec242a6aa5a55f42,760874c27881fe08ac13c2fdf9ee0be03e7688404a2ea9b286ce10155da3403f
46,12.5,clean/esm_0046_snr12.5.wav,noisy/esm_0046_snr12.5.wav,11.007,b8a84b742f07345d4fdbe9dfbdff3d293cd8a69e6e5ec91ff2c1781887da8197,6b5bc965f30ec40478a4aac3559c30eebb9d37f2c3a9fe16b3a2f9cae40393e8
47,17.5,clean/esm_0047_snr17.5.wav,noisy/esm_0047_snr17.5.wav,13.776,1809cd39cec128d49ae4b78148ad685358dc06cd0e45337911c0bbecfb110b0e,0584744f13592ad6ae8758b36c6744609fbbac9c4e78ff0d10b95502667a1681
48,2.5,clean/esm_0048_snr2.5.wav,noisy/esm_0048_snr2.5.wav,30.807,89782b8455f84935c96aa96167b7f76b5312fdb93a776f1ed40f7c62df4e5666,c02754c57022f816eed870549e54bc498aba91e02146b29500cdec66b623519d
49,7.5,clean/esm_0049_snr7.5.wav,noisy/esm_0049_snr7.5.wav,22.283,cb1ed2cc6796714f79524f7f4aeda852a262ae104bf80604ee722ddb9deae5cc,b299e13ad6299d33ce988816d6c442fef45fb6eb03595b9835ad5ea4fded1436
50,12.5,clean/esm_0050_snr12.5.wav,noisy/esm_0050_snr12.5.wav,12.199,bcb004b0251ff82a69b1a7429c3a83cca0e05e32b8405a8f532c757b2c3e482b,5a987af63b5ab88c7619e48f6570f7a7effb60a34384835eb545dca783a5ad46
51,17.5,clean/esm_0051_snr17.5.wav,noisy/esm_0051_snr17.5.wav,12.445,fcd2c7d85d6cee2c60213ec763f3f441e2542ccdbf2277786556d79b845877fb,7974500d0dd01daf196ad9eb73b1835e4d9cd0ee15b0bbe33d6d131c75f7a0db
52,2.5,clean/esm_0052_snr2.5.wav,noisy/esm_0052_snr2.5.wav,18.662,7a10eee75c3100a81dbda21f9de65f607ca51aa9ffdecb5be3a89fe3f50c05bf,a3ef25ca88c78c221129454812672c62a7817a73998fddbccc61e9d0382f855d
53,7.5,clean/esm_0053_snr7.5.wav,noisy/esm_0053_snr7.5.wav,17.108,b7993e4366f71a49d8f9658e4d17d2e2c2d46f37692d2c2bfafe554c64d4ca8c,3851685431352f0a7e3b675e30cddeb2b05e516a90b1a7313977294e9bda82d6
54,12.5,clean/esm_0054_snr12.5.wav,noisy/esm_0054_snr12.5.wav,10.749,954b1c1b5175a4abd7bfd9d54df99db0a31b598b0e4facbcf5164caf846e5d33,663f38c85493997d8916342470392f522f979901adb2cdd8d52f49f73b85bcf0
55,17.5,clean/esm_0055_snr17.5.wav,noisy/esm_0055_snr17.5.wav,15.295,8095e057fbf4c33d09025199461d60cde895ccbf29a41d4535fcc69a0877d7dc,746c7789f3d88fb2e2f7916c1684eaa4c367b788d20515393386b32cca1839f0
56,2.5,clean/esm_0056_snr2.5.wav,noisy/esm_0056_snr2.5.wav,16.113,19516776646565d84318faf8a1a4397e15c4f33b0ca350f4d745cd509eda487b,cabe2a4bdddc94dfef1bf1107c6964dc86a92bca8b73f5ddcce81d3b6e0b2bf3
57,7.5,clean/esm_0057_snr7.5.wav,noisy/esm_0057_snr7.5.wav,16.216,a56d8d465747be559b46e4a5523776ef633aeabf4e50d1fed482b72e1cdb4452,833e8a0a53fd84666071809919b5c0a51070f61662a1a5039604a2cfb988b17a
58,12.5,clean/esm_0058_snr12.5.wav,noisy/esm_0058_snr12.5.wav,15.044,ff897074dac839923300d2e1c02d8bc7bbbfa9a2cf042f403abbd9555d498c9c,a15cd1472d6fd2b152d18b4ba172165ced645bb7a50b57b512a824beae2d9aac
59,17.5,clean/esm_0059_snr17.5.wav,noisy/esm_0059_snr17.5.wav,17.819,da3feeb5d3e8fdf1fa7757f081635f6b105b867079a660bb855e9159884c6516,235304ec6eb7e3884f74426783006a91bd9c214f8c79044588e9b67e1ddb63e4
60,2.5,clean/esm_0060_snr2.5.wav,noisy/esm_0060_snr2.5.wav,19.152,2a49c10ced217491c516b03a2755dd332c98e1562ff108f62f0c091de1c453af,33fe90f8934ece295e990e5d01a1c80a8e20814d7d884fe8160b87373ff803cd
61,7.5,clean/esm_0061_snr7.5.wav,noisy/esm_0061_snr7.5.wav,20.151,bb32625b62a32957c5db352fd8abace2b0350bee3946ad5b07efa5c665d99855,07fb090938ba82bb858ce69c93bc6402273e8fe7962fdfabe0f76c3cf953d0eb
62,12.5,clean/esm_0062_snr12.5.wav,noisy/esm_0062_snr12.5.wav,11.715,1982877a9325b48db29936407b01ed1d4bf69c4e3bbffe20479e38e64a582e99,fa9c2c1b08f0eaaecc30db022ace85cf9cbd70943bc1fa11861dbfeb157b18dd
63,17.5,clean/esm_0063_snr17.5.wav,noisy/esm_0063_snr17.5.wav,12.55,659a7cf3757b9596ae1519c843ccf709f2c4224d1bda52a8484c73f83e90fae3,3b1c615f679e8eb6570a97bec42c77eda46e06dc95ffa025c98b735f1923c5fd
64,2.5,clean/esm_0064_snr2.5.wav,noisy/esm_0064_snr2.5.wav,10.43,8c15c26af75ed06f6085e71d2a715636dfccefb2d3eca8c0c023eab3f8128df3,cc51d882c6885b7f6dab4f88ea63ff4357e6777bf2f85171104db370fafb80e5
65,7.5,clean/esm_0065_snr7.5.wav,noisy/esm_0065_snr7.5.wav,16.484,233b0a9a35350ab2570b365357d92104072698f48d06d34ecc253cab7f199f27,0adb8f73a5cc624578b777c12e4504f6f732c7010f4218245932e4401f0963b7
66,12.5,clean/esm_0066_snr12.5.wav,noisy/esm_0066_snr12.5.wav,17.152,d4891f1e12dde484ff777436122fb6f7e5d103c975609bb2393c20b8bfe8e203,97768b3365dad07ada92e449abc4355d30e73ad4d5ff7bb4d0b7ae9f42e618c2
67,17.5,clean/esm_0067_snr17.5.wav,noisy/esm_0067_snr17.5.wav,9.414,28131b65479f7e6ccc3da3d65061a85208e1c8eb9ed3e2927aaed8b7512f72d3,c499251c3c25c0cb2bd06f30af8bba0d1569635966b053033c2709b489a45a19
68,2.5,clean/esm_0068_snr2.5.wav,noisy/esm_0068_snr2.5.wav,10.32,88473082bba882dd5487a706229cf61cc74e3444c16a55ca2e20544741560f86,b4be46737afd7ccf4fa019b06e9075b4225bc6fb03417cde2c2d312557c6658a
69,7.5,clean/esm_0069_snr7.5.wav,noisy/esm_0069_snr7.5.wav,11.472,d386d9f8e4e7f8709ab0a195ed0bea7a8e62aff460f4240393a0842d9f74c7cf,c9f3bfa7efb7975dad1a301d98808ddd445a6a905d8407073cee7d6ae6d6b43e
70,12.5,clean/esm_0070_snr12.5.wav,noisy/esm_0070_snr12.5.wav,10.918,cf116e31b4acf81d344b060b78ccd725095bf34e1109c52ffbe859123e40ac14,b7fe0dfed0334d5765fff64a740c98703950f6527886ca9d9dd4c55d9215e467
71,17.5,clean/esm_0071_snr17.5.wav,noisy/esm_0071_snr17.5.wav,21.398,d20a08fd455d0b9f879232f0edfe45f3e81374386540e5f7aeb4d598ba70cff7,e34a0f6138558670738e373b83e1f7cb2424ee092d0a18d86c6e2f84ac74f237
72,2.5,clean/esm_0072_snr2.5.wav,noisy/esm_0072_snr2.5.wav,11.491,f24e60df1046a9a4467cf318112722b513e41c51a1960f5698365c5d764558ac,91d15d654c1b6e388f049c8b496770c92b3eb7e5471640190db4c8daf55edecf
73,7.5,clean/esm_0073_snr7.5.wav,noisy/esm_0073_snr7.5.wav,16.35,63f73fd78758590cd5d6f16ed1af4e13cc6388bb2e6a36e8dd2a3bbe7af5d452,eb0819f9bc744f130d7c0ecc8a3d51c7ca1df4dc87b7000da1321c029f74faab
74,12.5,clean/esm_0074_snr12.5.wav,noisy/esm_0074_snr12.5.wav,21.185,31cd0d748a624a92fe31eb87615e5e0aa878a64c50251df6e0d45a7857889cdf,6dbcb2d9c49387c03fb07d6c366ae0bf30bf09d0c85d09248f3fc42235d0ddfa
75,17.5,clean/esm_0075_snr17.5.wav,noisy/esm_0075_snr17.5.wav,20.337,655c5bea4b2ea5452b51b1f22b031f1e1b09c59db3d46a9d100509f2adcb647b,04c99566bde858438a8aeb27bd68c4778ad9251abc362b88d4ee56d68f75856a
76,2.5,clean/esm_0076_snr2.5.wav,noisy/esm_0076_snr2.5.wav,21.462,417218b860b8583d26ff10a44024d8e06832e778c121742ef7a6232afe0cf287,b68b60d253bb4fdb6e1e04ddfa2558004dcb6d8389c47328e2e412d2895cbf9b
77,7.5,clean/esm_0077_snr7.5.wav,noisy/esm_0077_snr7.5.wav,14.613,657c4f55d9184a24e3169309c1b27082f44b60c4948a6ed98a328acd570e9b2f,32e6c99fcab459e5ca4a7a61708f51d859e030ca1b8763a4f2264333edd75e7f
78,12.5,clean/esm_0078_snr12.5.wav,noisy/esm_0078_snr12.5.wav,22.745,77ba52a4ce170ac848360046ce054b82cee1e7b162b2eb38251e16f7df183232,12b1f966edc966bb5a92da01ff65295e22cc252843dee666f57a1de10465e0a2
79,17.5,clean/esm_0079_snr17.5.wav,noisy/esm_0079_snr17.5.wav,15.104,cc2afe50501905e991ec0f96f2915df94424d0cde9af0b8774f4187a95d554dc,6593aca561a268ac06e20337afb5b3c88ccc189e534ab97ffde3ca7f2f4553f4
80,2.5,clean/esm_0080_snr2.5.wav,noisy/esm_0080_snr2.5.wav,24.14,a1d7737890de1165df173206761e7be9e693a3a6df702b56bc8b07387feb9afa,4e1d1772a4c9dc4227a72c7e8965bf698ee955ffddac6132480edaa57ec7fac7
81,7.5,clean/esm_0081_snr7.5.wav,noisy/esm_0081_snr7.5.wav,8.172,a1c861446aa78a2f47c842658641c259134c6dd976ce5076b1e7729617a30877,07dc2040296e38b49156c3c3856e8dd2194aa3ed1d01783615d839e57cd811b8
82,12.5,clean/esm_0082_snr12.5.wav,noisy/esm_0082_snr12.5.wav,27.657,c4d44637745c23d61a36b8c0b13d1eec660eb9f1a3e7488d53b1756bbfc7b1d7,abe62303846bbd7402c9f08396b80f71569be04d8613b5de0e152f1388dbe734
83,17.5,clean/esm_0083_snr17.5.wav,noisy/esm_0083_snr17.5.wav,9.63,2a846eced5cfa177addcc76a65ed64f4ef9582f3590c04c40227cc827bd46098,619eb1614b33da11063704645bd072c546f66e01b1a980bf736fb2792c439f38
84,2.5,clean/esm_0084_snr2.5.wav,noisy/esm_0084_snr2.5.wav,19.271,c0e36594670992793ca626cf1895b13854162e4b989f9db57da8636c50a0935f,655eaaa5e00a25b75adb588f635ac630ded3747a012df75ff7fe598ce7791884
85,7.5,clean/esm_0085_snr7.5.wav,noisy/esm_0085_snr7.5.wav,14.109,3ddedb2ebe80152555fc6493af7636e393b05ad4ca15f85c91552f61f9c9e914,22790ac99e7059a54423a613c5422f20a1a46405ef43f20a29147ea4bdf5e9e1
86,12.5,clean/esm_0086_snr12.5.wav,noisy/esm_0086_snr12.5.wav,21.447,684bbc1b0d69c0f5875257746fccb6c4b07897d96a8cec0ea5471b065783b8d5,6f9ad8d85e8f3c7da1ff7c89f733efd45de822e82bd91407867491737fdf2981
87,17.5,clean/esm_0087_snr17.5.wav,noisy/esm_0087_snr17.5.wav,20.788,ff0cbceb793b68749fa3de2a50560057cb31a14e0c393a021c6cdff251992abf,d395632f124fec8a3b3b04c0899a0c8c5478398afb4210f564e9c2ea1d5e53a4
88,2.5,clean/esm_0088_snr2.5.wav,noisy/esm_0088_snr2.5.wav,14.101,59cab685fc151ef7afc155d67f4077e671ad03c96acebe5827a9d580497d4605,88e9f2c87dae98a1cc7000e99aaf877cbb2533d1ddddd416d35bd6111f0ef1b1
89,7.5,clean/esm_0089_snr7.5.wav,noisy/esm_0089_snr7.5.wav,7.753,8033cf71570b4cf85e1869b5968b8c9ea8ecd0ee39d817b62bb234e50061fb87,82624d19b6a2bfa1690ba159d7ef28a8500485e86e9d2512fab9664f4b610f86
90,12.5,clean/esm_0090_snr12.5.wav,noisy/esm_0090_snr12.5.wav,27.364,55e5bc259f111c06a16a3d014b648ee65bc0edbc0609394f0f354c035a59b9a1,b1ba4053b972303d83083da02eb56928d46578c68c7541122a135e45778f3454
91,17.5,clean/esm_0091_snr17.5.wav,noisy/esm_0091_snr17.5.wav,20.461,4dad14c8516d8c3e0aa0561eadad9cf31184a713e36f9200a70abe7b5ed296d9,b436fc0ce792746a3818a234fdb30e4787e59acda10cdff69b101286ffdd6d43
92,2.5,clean/esm_0092_snr2.5.wav,noisy/esm_0092_snr2.5.wav,13.632,cef6a49fa7fb491920b6fee97e21d0ea6ab7ff246c871c716cf650826a861e53,54908760e7611418cc77f3b23ba800ab3416328c76e05cbc84459c2a59b7ed66
93,7.5,clean/esm_0093_snr7.5.wav,noisy/esm_0093_snr7.5.wav,10.679,54b2febd010555ac8fddb6b13a45e991b261c0b19840a722747c6d917a85cb18,f54bdc0dafd2fc1223bd3b031926ad37df975f2f31446fad2c8e8c4b9ed521e1
94,12.5,clean/esm_0094_snr12.5.wav,noisy/esm_0094_snr12.5.wav,11.054,9b879198c054d787ea3ced6db2c91473154b3b9b6f09d85fccd4981b4c7afa06,bd79cd1e9247e7fb1265e7890d5fd5a2f93324fb76239066f4a619d73a5ab2c1
95,17.5,clean/esm_0095_snr17.5.wav,noisy/esm_0095_snr17.5.wav,182.256,fafb9690f3f6f9d40034680ffeb319759c014c9350ecc91e3de266dcff5cc2aa,6e00f17b8cb2ddb599737d063de5110572c331c19309c2add9c55cff48b4c7f8
96,2.5,clean/esm_0096_snr2.5.wav,noisy/esm_0096_snr2.5.wav,16.106,f27c84e32043f1878b5f03676e5f3d4a277a91905348276c777f131ffe15f193,522c82a9b54bb96f9536fb0a1ad417c60dfb0f745fc43076f11e7c304a9ecbd8
97,7.5,clean/esm_0097_snr7.5.wav,noisy/esm_0097_snr7.5.wav,11.709,2ab71afea8d390a4342d8e10d354cf2fbf22127f1faa5e51b4adca99d52b3948,9521fc6bdeaf61c1af183ca4a8f2dd38fd5c0cf232fea389bdf0af3ebdbcedc1
98,12.5,clean/esm_0098_snr12.5.wav,noisy/esm_0098_snr12.5.wav,15.454,a06e2ecc5afc5a59f02e3eb657d37ba67d660d52b486ab87d1b7e359b10ccad8,d6e0c935c6f181525260e89e7a1d619ea04ec8f6bc7c42f9daeb52b169e89e1c
99,17.5,clean/esm_0099_snr17.5.wav,noisy/esm_0099_snr17.5.wav,10.611,8b23d48c0c6e4b12d5da9f2a75f95edb86267be629655a4c988482c38b02c10a,e3f26e9c26268f58805dd3acc50d2927d9111ec1f4b53a31b320ad6b10e08470
100,2.5,clean/esm_0100_snr2.5.wav,noisy/esm_0100_snr2.5.wav,16.569,b55751ce6f9e42657323335f25dd1d5f54f65312402dd2fa93244fba998545d6,ed77bc460e182c87690ea3568ab8b5359e9530315e26566032df30863c4e1292
101,7.5,clean/esm_0101_snr7.5.wav,noisy/esm_0101_snr7.5.wav,8.852,34dac8fd953749eada5b9dc8b8d9bcdc789305a72025bf28d0c46b90750752aa,3f8adf42575785659f52c134a9eb69266863b8e359361441ed1cd232babc86be
102,12.5,clean/esm_0102_snr12.5.wav,noisy/esm_0102_snr12.5.wav,11.033,c15b1faec94fda9eec187dc24c45648ce6aecdf76d75ce0b438255f362a1d2b2,3a1feb1b4d6946b9817202c7d278353532bf85b5b335f22d18a6be36e08958f1
103,17.5,clean/esm_0103_snr17.5.wav,noisy/esm_0103_snr17.5.wav,10.657,cb5bc96e9d73c968adb0a8c939d19cdc041fa5a0f3e39c266f2fae81f6a048f6,0e026d083f36e87f5ec29f986fb57bad647f868b0c40234b31252a7f49a02355
104,2.5,clean/esm_0104_snr2.5.wav,noisy/esm_0104_snr2.5.wav,13.853,061c75497e469c559ae4d0ebccef729c157e40c5b7d6e002e572723695b5f6a0,c9e2258fa5644515f97be096af455c39422b0b6f63d8107a890f6223446b01a0
105,7.5,clean/esm_0105_snr7.5.wav,noisy/esm_0105_snr7.5.wav,14.374,6d8e303f0769730d94e3e3938b1bbe4bfe24cf4b777b29f7b60c3e2720041f4f,234bf1fa49a0b5f4aab4930605faf2ddac9c713ed50ce5fa09677341a9482369
106,12.5,clean/esm_0106_snr12.5.wav,noisy/esm_0106_snr12.5.wav,16.534,ee97c3cd3255cfbf2702a3efefcfab5901c82fa8196b9e2b5ecacd9234c78d39,12fbcc5a70ccf20a22a5e07c82c6a9e080fa3c2169d301974fedf337d84d9ba1
107,17.5,clean/esm_0107_snr17.5.wav,noisy/esm_0107_snr17.5.wav,16.358,fe46f97221b9fdde058eccedbfd22a79d14b3b27169e29bf45228880b3913b98,64bf927e551f51eec8282f78434f32e54b8d6d8532e9c2634af3ff76cb23bf8e
108,2.5,clean/esm_0108_snr2.5.wav,noisy/esm_0108_snr2.5.wav,11.097,813c77a87a801936d3658c005a6934e67b0c5ae6bdef32f5d1d64215c86b704d,12eedfbff526ffefe148f20fafd28eaaf41d31acc2e4f1a6dabbb75db7913676
109,7.5,clean/esm_0109_snr7.5.wav,noisy/esm_0109_snr7.5.wav,10.633,64db37caa3ef462fec7a6cbc94628c9dc2b6fe11b66b5f2c6450b47f601fe459,4a078aabbb40b92cb584c5e916db3b6db9c598263bd97cca86cf9d4efef85397
110,12.5,clean/esm_0110_snr12.5.wav,noisy/esm_0110_snr12.5.wav,26.209,d1a87fa5cedc5d1ed0931c4a88e1aee3aa46e030a29229bfe1e19b4f9f7a4b0b,c046421afd04192208cdd7682ba89de8c6072001cca9133389cda23c3d934513
111,17.5,clean/esm_0111_snr17.5.wav,noisy/esm_0111_snr17.5.wav,42.72,f319e89d3385b4d28df12f304c6704344663fabaeac5901621d1524f375d8ed9,47f291cf99ec240fb476a7b3f06750a1b0b4190aec9ce012cbc9a370324a3a35
112,2.5,clean/esm_0112_snr2.5.wav,noisy/esm_0112_snr2.5.wav,11.74,091601e7065e0b7f156b7e7eb247740d53824347cfeababd02c2308346a2d186,66718e17f930ba45a170f16d1d22bb958b82e47be0ad7e0dc98b6025468bf2fb
113,7.5,clean/esm_0113_snr7.5.wav,noisy/esm_0113_snr7.5.wav,12.218,93a9a6cc11455072fe52b7956a99154b057c4e7049233341e3eb4a6f168b90e2,3aa5856692a7e37738da84dd8d8cf2a425d98e2ca8491fb71953e65bc6baa9e6
114,12.5,clean/esm_0114_snr12.5.wav,noisy/esm_0114_snr12.5.wav,21.411,35fdedb0e8187a7b413e366f21430b2ffed4f38854e33826439e48a9636f9f52,1a2b7324eb80a2cc66ce173f8d78ff0643e31873d647ae795f3839868bccbc47
115,17.5,clean/esm_0115_snr17.5.wav,noisy/esm_0115_snr17.5.wav,19.953,6c84f29da73d117dfdc174957640c3b04b03a7d20421ce3c74f2bf83522e20ec,752179f678625b17e8b215181b631a98bbd0a79a782a15f954f94cc29306c7c2
116,2.5,clean/esm_0116_snr2.5.wav,noisy/esm_0116_snr2.5.wav,13.535,bbd3f411c558c411623554fe6701174de41e01f698b31ceb2025c0b7b7fb550f,9f4bf87379079bd98b75d0a210893f4054e46763ed36989a8f9779a50d3898fe
117,7.5,clean/esm_0117_snr7.5.wav,noisy/esm_0117_snr7.5.wav,181.76,bca8f263b23835246f01deb0a5a5f7dc7ce082d0cc780d612cbe41ae07e364d0,e0ba53782b8d22071029ba4f64290e0ac5eee7b844aff34c89d2303faa7d9f61
118,12.5,clean/esm_0118_snr12.5.wav,noisy/esm_0118_snr12.5.wav,12.026,3af2e20519e9cceefd4c516866f4499507ac18156241135f97caac3a117e1079,868f4ec5318f947bf5768d48e4aba7c9cc33f1e021a5a8204cfb2552c303240b
119,17.5,clean/esm_0119_snr17.5.wav,noisy/esm_0119_snr17.5.wav,18.713,210c67e122c4c5630819a1288b5761a92beae1c179512684aab7ca5eb2b70370,083a3f7a1a1688ec67f11de2b040ebadc744a486e7de71522627002076b3fc23
120,2.5,clean/esm_0120_snr2.5.wav,noisy/esm_0120_snr2.5.wav,17.259,8a32f9da460058efb7dfbb6fc8a32f33d9f570ec019078b33a27eed51da3dcfa,84cc3d3ae0b687792684e7d06b3762dbd3bbb69932d09c2d246d02361c4bda61
121,7.5,clean/esm_0121_snr7.5.wav,noisy/esm_0121_snr7.5.wav,19.486,33512d7ab55a18bbc8b0d8863685546880a97f16d31cfd7b284c1f26a26c607a,f23276a7ec20aebf3ef5fc2b9dcfd63b11dbefcf66cde84e2d91cfacd72da5ea
122,12.5,clean/esm_0122_snr12.5.wav,noisy/esm_0122_snr12.5.wav,15.342,c3395f0f8a004cdf5bc513a10783753aae94454061d05981fb153158bcae997d,99f9fa385e5e32d23de7bf6e562f7537f89adff5a7e26ab2aedca53d509b6ab1
123,17.5,clean/esm_0123_snr17.5.wav,noisy/esm_0123_snr17.5.wav,13.056,f95dff381f593c53fb87e341a2b13ffb64b52c454433a92349bf810be68c2c30,11728b5bfb3c0c15bbcd31c133d917dc579bb8a585dc6bc28188e945705c2b25
124,2.5,clean/esm_0124_snr2.5.wav,noisy/esm_0124_snr2.5.wav,13.603,698195ee1fa0856b54d008ba3c53ca1f36ba1744836ec7585134a922a2b175e7,c7a700e5c3365a537ca5608de761ce26d911bd5f901229866756071cbbe4d08d
125,7.5,clean/esm_0125_snr7.5.wav,noisy/esm_0125_snr7.5.wav,20.304,367a7c21ba4cc4167e701c639188a16abb4c690441bb0f7590b4244f956ec17e,8c8e043f46eb4dea7e0e5df859d627eddc54a43acbfc81e96959910b69c72691
126,12.5,clean/esm_0126_snr12.5.wav,noisy/esm_0126_snr12.5.wav,13.66,f53f885698affd3d58c5fba327817b651dd1f0d07dead04efb5db7f63cb4dd24,f4745b9bd21ab50382fac00ac84f739542fd3320bd9790b3e462219a7546b60f
127,17.5,clean/esm_0127_snr17.5.wav,noisy/esm_0127_snr17.5.wav,19.818,d9f941a6c44d9347be44345786692bf34084f5779f2497abb9d15f66b2b81b07,bc3b7f5ffe9ad1233a90abca57d2d04f5e252913cac8b460ed4b9cb2d9dc34f1
128,2.5,clean/esm_0128_snr2.5.wav,noisy/esm_0128_snr2.5.wav,13.209,97037ac4a49ce2ade7119f09f32f0f138cc3b33003ca3d529858efa420f6a001,2cc459646bb04a5050fc15c76437988cc72968a7dc3ae4d95d3136660c244b11
129,7.5,clean/esm_0129_snr7.5.wav,noisy/esm_0129_snr7.5.wav,12.551,ff1d3ad37ce6111198794f87811dabdefe729b43e721258643b965f10436377c,6cd76b2258cc59a2e86cb058e7059364ce6e099ef4c4c35fe87de1b78864cab2
130,12.5,clean/esm_0130_snr12.5.wav,noisy/esm_0130_snr12.5.wav,14.817,779fa4a83d07e03441d7b2fb7be0ce0ad03103a27231b37863bbc52bdbbf951e,72b662fb690900953a4393ee738deb86c3f82f6ab7e0943219896a5dba3c854a
131,17.5,clean/esm_0131_snr17.5.wav,noisy/esm_0131_snr17.5.wav,11.064,b930369ee3fc242a7825cd1339cec5ac6ee14b5ae545bb1c79ea36a5c410999e,51ababc0aecd6cbe37a3c210584d9bfda4acafe998c08cd2bb506a6156c3d044
132,2.5,clean/esm_0132_snr2.5.wav,noisy/esm_0132_snr2.5.wav,12.125,d9baf92603400f695d5af5287e205c6a8375e2ec2a810b634bacd770dbb330f9,0314fb99668f006d6b314e561788b0ab9d1e77803abb2480750c7d256f6c5bfe
133,7.5,clean/esm_0133_snr7.5.wav,noisy/esm_0133_snr7.5.wav,20.01,30a65d6babc1ec8e18f73fd83c1b4c4cf028ae38e58a66c30fff76ed4962f9f4,979d06d3b85fd4348d0967d88f7cedf3c58f71294a0ed977e74ab3001913bfd7
134,12.5,clean/esm_0134_snr12.5.wav,noisy/esm_0134_snr12.5.wav,18.883,33e415a907177569e057e346100394fff5685813216b3ebfdff829da4c8dbd82,c7daaeb19bee150eead6852c49d04385d834b3c5af0f3ac506950592514fbbe8
135,17.5,clean/esm_0135_snr17.5.wav,noisy/esm_0135_snr17.5.wav,14.138,b50818ab20c87f94f44f3d28c31ace8ad0600ac49489efb253013963ae696413,d4865a0fa0ef354ce45287d0de4eeea170001ca56315f328105d05346704ab90
136,2.5,clean/esm_0136_snr2.5.wav,noisy/esm_0136_snr2.5.wav,25.226,0bd56ee90a4a660c584c37faeb0382fab2c54815ada5efc770e57b2b738ef6d6,d8659134f566f8e1c315c0937eb1381977645bc6b441cd9da1dd127b3c7095d0
137,7.5,clean/esm_0137_snr7.5.wav,noisy/esm_0137_snr7.5.wav,12.549,be8d092e313d6bf84d6a7e6dc78556b56b0fb12a250f217674db60504e4cd4bf,65ef29f147f518441d4ebefc0cf9081fa6fb9d225f631d7aa55be573ff0c7f5f
138,12.5,clean/esm_0138_snr12.5.wav,noisy/esm_0138_snr12.5.wav,18.962,f605107c7b6f6adfb71cfda93a8d1639e01ac3108ccad5fd753bbd56462dbbb2,54f579ccb675b98289d99bd9c499d829f8e9bbe78bf2386ad81b1db6f3395e22
139,17.5,clean/esm_0139_snr17.5.wav,noisy/esm_0139_snr17.5.wav,17.253,97649d241f84df8be6acefb290421ee9ad410a25dab6fc93e4a2fb31af56fbd4,a1a742556bfdfa26bdf71e79d89cc9955c417fce0906335ae9ece3fafca9cfe3
140,2.5,clean/esm_0140_snr2.5.wav,noisy/esm_0140_snr2.5.wav,17.461,64b1f2d4418e9a0dbfd67ecb4d1c31e4b20719547ca139f11253dcfc03890042,884c036e1a4a31748107fd1623d4b322ca64aef27b50420fde1398ff3edf6bcc
141,7.5,clean/esm_0141_snr7.5.wav,noisy/esm_0141_snr7.5.wav,8.46,15f17798bf2a5cf4cdb503205f96879f2748882a4678ddaac1775dcf606feacc,fe7367b55c94b800231089b092b9953b7c2bbda94188b5f1f8f5ebf981a3689f
142,12.5,clean/esm_0142_snr12.5.wav,noisy/esm_0142_snr12.5.wav,11.967,341ad85e0684f4c27ba7ce6bfd8f7a47593d1579e7e33a2e48be73f7abe955b2,e960d156fd5cde3b8d7f85e04dc5e69fcd5fc4709e75920a49be4208106e3f29
143,17.5,clean/esm_0143_snr17.5.wav,noisy/esm_0143_snr17.5.wav,10.962,b55549f1f3a5a2f80c131937017d716e2cf4363c67ae6723d21aabce82d75290,6f283cb3f19088779bb59206dedab1a3df580109220e54bbde7208c0004c65a8
144,2.5,clean/esm_0144_snr2.5.wav,noisy/esm_0144_snr2.5.wav,19.155,3373eb7f9506e14cda03f8c01496d3011bc451d5101e5055553f650ad5d0e3e6,e705fb6d03f4373c34e48c204ea1ba63f9e110f33af4c0d539d7630a0080a561
145,7.5,clean/esm_0145_snr7.5.wav,noisy/esm_0145_snr7.5.wav,17.215,4fdc20f137a4e261e8c32fb5431b0c850259194c0a3be3774a8e8dcbdb162ddc,e14d9efe403300d87a3c37bb4cb30ee4dcff57f80e8807183ae8a637d22d9a84
146,12.5,clean/esm_0146_snr12.5.wav,noisy/esm_0146_snr12.5.wav,16.264,db4f56d6aa7b3b11f164afbf77da7dec261379035a31f51553f80c45825fa8c3,72b5f1ea3a340bc86f2aad6aadda96081848ab5f75463bf7fa05ceda428c2cbd
147,17.5,clean/esm_0147_snr17.5.wav,noisy/esm_0147_snr17.5.wav,16.152,23539c21b36bd4018e55ca46886dac246064c1f8064ce6285f80492bf93fd6c3,f6aad179b8012ebc98ee084f0015965bfe203e99d09b6620af2925120d5c5bec
148,2.5,clean/esm_0148_snr2.5.wav,noisy/esm_0148_snr2.5.wav,14.622,e88b00bb7d2146182e5eb1e3dc393bad9a73dd5e085325cd9ee1a8a7d4c79fd8,920530ac2aea5a4e53094481b9369e46a113021e3005fbfcdf7975dbdaf85061
149,7.5,clean/esm_0149_snr7.5.wav,noisy/esm_0149_snr7.5.wav,14.038,ea3c982046c78194ec2d1b4d7938b5e828e720e4efe094033c3fcb3eebdf33cb,3b198260a82bbcf1d0cc610cd9c908ea35803fccda9ad7ed9fcfc7d19fe57a59
150,12.5,clean/esm_0150_snr12.5.wav,noisy/esm_0150_snr12.5.wav,11.315,767ec09b4322b49fbed26e5e47456488679803677d615525995a470f39091405,473ba233a07e0f34d14cacd55d358a66a5c3aff0ef001e3b99498f801c148471
151,17.5,clean/esm_0151_snr17.5.wav,noisy/esm_0151_snr17.5.wav,10.165,1bd91bddf6de2b78fc82d751b6959e50fd158cdc6c07442bc4df49a12e8a7287,d970cb4cfc9b0276ff02ec7ebc41cebf7c4e7df1bb4d2b8f8fd4b4215fc83ad8
152,2.5,clean/esm_0152_snr2.5.wav,noisy/esm_0152_snr2.5.wav,17.032,3fdfbe7d2c7e58e9b1f1a30a31c56755378a27f0a512d89f881ea9d0a4de67b5,e11fa79ee4bc240065d3bb978a0d5b255c1316a2d66841ec5a8e82dc5276c8ac
153,7.5,clean/esm_0153_snr7.5.wav,noisy/esm_0153_snr7.5.wav,18.644,f33eac30b217be3f24036f9d179001dc76709981b13e832d2f995e721ca040b1,b13f7407374edba472eaa8f52bdedc6fe413c2cdfe3c2e2f3ae7714195cfb7ce
154,12.5,clean/esm_0154_snr12.5.wav,noisy/esm_0154_snr12.5.wav,16.925,2c7edb656c1d9f3a83eb1932009adb259d14a2ceb8457883582b57c7c5d98171,c836f5547ad363b99e97ce37086efebad8ebfcce490471d1099d93b90d6a10bf
155,17.5,clean/esm_0155_snr17.5.wav,noisy/esm_0155_snr17.5.wav,8.25,e77b9f15d21c0bffe7671486ef14d7e4829f774207575e83e859b52a588bbd71,6f1825146da69a7f0373f77d67e44f3dbfd875139f5c3f3c10709f8bd5fb0431
156,2.5,clean/esm_0156_snr2.5.wav,noisy/esm_0156_snr2.5.wav,12.611,3af6b4bea6d71665131e78daa8f2c390ffcca4e471fa2fafa2d91e1d38953fa1,64772bf5b35186683fb2317a33a87d2ffe4a4f763373050057cb83bc534c161b
157,7.5,clean/esm_0157_snr7.5.wav,noisy/esm_0157_snr7.5.wav,189.478,f7370a9a4740a9f568001c7fd97abbad5ea9846039b40882f65e6974c8574559,f24a6ee5312f42755855700d6cd06ae63bd0a7bf1371cda027cb7205f67be14d
158,12.5,clean/esm_0158_snr12.5.wav,noisy/esm_0158_snr12.5.wav,9.18,2018e29f12f117a1f4799564e877dc3f632ebd11795cb85a24af4e7197f77ea9,c72b347a8c0f7d8fe1b0d9dc69c03d0989b3af160915890bfe5c7dfaa240c506
159,17.5,clean/esm_0159_snr17.5.wav,noisy/esm_0159_snr17.5.wav,11.214,e046c19a024d517eb5cb9356d3b46caa0d73c850c906c0909778ce391bd1777d,ba18a485ae6d9d12033dcfae018c0525070260c9d85e95315133a2117fb32cf8
160,2.5,clean/esm_0160_snr2.5.wav,noisy/esm_0160_snr2.5.wav,17.128,85b591dd71adb55a6656b91b0177485a912aaec943d64c750b8a81be491b49e3,f469c5f61a6103e62785c1b3e4c5ee18d54c755b04d95a6a916ac60320005fa5
161,7.5,clean/esm_0161_snr7.5.wav,noisy/esm_0161_snr7.5.wav,13.323,6b2da652213feb3b6936d4f8508ee10806bea55d5d4bc585a7b12b445c8b4be4,a63ad2323ecccc365fa38ec7e2704b2d1fec098b0ba50466df1f3058ab110929
162,12.5,clean/esm_0162_snr12.5.wav,noisy/esm_0162_snr12.5.wav,19.792,c5aa329ca965d9ec4ed12c355d8702630b84906bb68c1296e737aebf5b45ab91,62442a28943fe31b6f0223a45cc02ffb41945673336fad93a083e9eecd6cf731
163,17.5,clean/esm_0163_snr17.5.wav,noisy/esm_0163_snr17.5.wav,13.911,c1e184902c038560d92588ddf30164346dd12787de4feb46981a55bf5f7adfb6,9fb555a07fb01003a04bbe25db4d111871473ff1f2c0aa07fa8e78433f9eefbe
164,2.5,clean/esm_0164_snr2.5.wav,noisy/esm_0164_snr2.5.wav,13.924,dd5bd8208b52db42592722b8ceb36840f4d9f4877fdac7c303a49c90f18743c2,ec9ef288e3b71fa4f8d1b96c09f96c6902ee4dbf91319aee67fcc4ae04fc7d1a
165,7.5,clean/esm_0165_snr7.5.wav,noisy/esm_0165_snr7.5.wav,8.683,d05f53f2e13c5bfbf3a5aa355492aa1248002b128e269b7dfcc214f73e8c65a8,ffa41d617e555edf4d8ca6a122006666a4402f2adda2e6d90a851ab7eb669b46
166,12.5,clean/esm_0166_snr12.5.wav,noisy/esm_0166_snr12.5.wav,14.283,3226ba769fd3cb97d83af0b3a80e5d74b808128b56c278e3e9f29d3d81b731de,aa65c446e5dedbb98f493b65464fd369fd3b939915225c962934cdcbdc341c4f
167,17.5,clean/esm_0167_snr17.5.wav,noisy/esm_0167_snr17.5.wav,10.794,4e138d20965203fd95d4f338f0d2c43d61dd5ce74fcb12bc9d5075fad5171774,1759255de8e432bad621bdd719bb4a43e157dd6a04a90caeba0a346d7b83acce
168,2.5,clean/esm_0168_snr2.5.wav,noisy/esm_0168_snr2.5.wav,10.199,d937803c45e0042dca0764b1f962a2269c43c59a4b25f91700c61a819482b323,0c8cc0ecc103eae97a3a21755b642e6244c087be3789c463146074fc75dfec6a
169,7.5,clean/esm_0169_snr7.5.wav,noisy/esm_0169_snr7.5.wav,13.541,275eb4f9919007b635f6c63c765cc626fedbe837d3868476b20115576627e18e,cfc9a2c1db6ec67b7e3aa00a2ec712f6b5242357d90f5216eeb2febd0580281f
170,12.5,clean/esm_0170_snr12.5.wav,noisy/esm_0170_snr12.5.wav,12.292,8189dac428f224f93726e488dad85d9f08ef92ecdafa371897ab084c1d0741be,165c8cd6afa61579d665eebb417e627dc1c35fd12a80ad820a929635a08b5988
171,17.5,clean/esm_0171_snr17.5.wav,noisy/esm_0171_snr17.5.wav,14.303,5d3839a4e1206e24039584cc3e320db2b148a800af50071de0a614374883c72c,f769705c7742de2b64eee2b674f4a42c08de23a3182256d73c2e7d2f70a44115
172,2.5,clean/esm_0172_snr2.5.wav,noisy/esm_0172_snr2.5.wav,12.511,f4c0f0ef24819eaba44f46f83938e63e9e639a818e63e6b237f0d1d7f9b076be,7d3309fcc31643c376f38c89997c2047f0cc7b02dd52a366e72defe13d623121
173,7.5,clean/esm_0173_snr7.5.wav,noisy/esm_0173_snr7.5.wav,11.997,0a1c5d55afe7a2287cad12c7fe960feed239469e8021c47326ec799d2b35d358,3afb895bc296b082cb3af7eff01faa477b56fb35c8114ec5da15bbe0ddcf2bde
174,12.5,clean/esm_0174_snr12.5.wav,noisy/esm_0174_snr12.5.wav,8.685,975d5542d7ba2328c8f118fb0a448bdaab9149b0778b9084ea4c15eb661aa961,885f9e0299f944aeaa9fc123250cbb65ff7c96b92a5ac423533b318058cd06ae
175,17.5,clean/esm_0175_snr17.5.wav,noisy/esm_0175_snr17.5.wav,8.505,272a39de9bd048435c795e4e72cda0f9652d35c377e3de44b73a21a6d5237b38,4f2ae2d59ba6238a9fd880d2c2883ac92a895229661c3d427997ee8a98648976
176,2.5,clean/esm_0176_snr2.5.wav,noisy/esm_0176_snr2.5.wav,12.658,4863114e4c061aa209e13243ad8753362978c54453e2e852c6c2d93ef78a7422,1bb3d9563f5413cf7f81b9518b1adcc5621f8f107d7abe3c0d57e5b8d1c65419
177,7.5,clean/esm_0177_snr7.5.wav,noisy/esm_0177_snr7.5.wav,15.628,0baf46d7376375abc1808be7c757bfa0d7968fa4256e0823d148b1c2f51a8a73,9acb7fc79c2fd8d006394adb7945dd67e0d28ce5152b9f6837e82b4c63a08d90
178,12.5,clean/esm_0178_snr12.5.wav,noisy/esm_0178_snr12.5.wav,9.181,b742ccfc43482508de12cec19716e7bf1329f098d16bf832b7feeaeb13cce359,3a4eaa1ef48cc50a43fd5ef2eb230908900fc1dbb47f733a355e720289136375
179,17.5,clean/esm_0179_snr17.5.wav,noisy/esm_0179_snr17.5.wav,14.757,5fff81f20bfdcb3dd2fd2aeb1b1510987fa7d880ba26f5878b6aa15bc2defa7f,25622953cfa7847bd31e860a9472239993999982e5005e30552ceb3b3ebe5c38
180,2.5,clean/esm_0180_snr2.5.wav,noisy/esm_0180_snr2.5.wav,9.847,5b41b0d5fe09757bbed0ab5f5543a0b3a2a233c48fcb56e0c07bdafdd5217538,14ce530f573027d3ac6ffe36a0cea2a6a9a7f324a3400d2af3ff2ba901e73bb2
181,7.5,clean/esm_0181_snr7.5.wav,noisy/esm_0181_snr7.5.wav,14.828,b572bf515c4c7ad408dff0efd73afdaf4fa51c418e0321db369fdc6b0cdfc070,9794f6543391e5fed2186895e08105b29c47f22d3addd74c4ef56e5d5fa1e275
182,12.5,clean/esm_0182_snr12.5.wav,noisy/esm_0182_snr12.5.wav,15.012,0b2eee110332fd13a19aceb76b2d4a26ed73f562591409588f719b3554509cf0,c9ac97018af56074cc3d29cd1f649107ad2e4aae9b4406a85618e262f5af2d89
183,17.5,clean/esm_0183_snr17.5.wav,noisy/esm_0183_snr17.5.wav,174.611,77a5f01604affa37908c3f87f06cf0d5ab86d9f85da1ba1527e0b3bc6636a216,6f0102325d06ac15c7d684d27937b4af3be5cc3d437473699e9282be714d835d
184,2.5,clean/esm_0184_snr2.5.wav,noisy/esm_0184_snr2.5.wav,14.6,250b02973360f52dafab3ec7f34aff5677892bdb9dd12c62fdc7e911432115ef,7dff1c989c642e11b0e8f3ae6c99f32e864f11c0c289f9b15b9d1041c98d340c
185,7.5,clean/esm_0185_snr7.5.wav,noisy/esm_0185_snr7.5.wav,15.161,9b6d0dc6ae7a644b7f96cf9187548c5f513867e17bfd41a1120a6044406e34ea,ee30c6ae34cc4aceb956e8815d41b774d05df47f03d442314a5f59689fa45fc4
186,12.5,clean/esm_0186_snr12.5.wav,noisy/esm_0186_snr12.5.wav,22.608,517080fc5290c49d49a2f43a610c5f46eba230925ccd299103254f7618a2cafd,2f6cdac2335b90b266015224f4e93b51d50d7fe4beb525e88662eb64ab70bf5b
187,17.5,clean/esm_0187_snr17.5.wav,noisy/esm_0187_snr17.5.wav,10.587,4a8df83a6f2a2be93cf738a912df8376e08f93627098993a30aedcb4c1fbf678,32ed41ad6b687da7e9bf48340a38da8e751b9c06dd7354c2105783bb7e9b11ba
188,2.5,clean/esm_0188_snr2.5.wav,noisy/esm_0188_snr2.5.wav,6.893,d0747bf31f1fdc958031eb88f82eb23e27c9d3848a6e313e226eeb55d461a9e4,babd7f2d3cbc9c404d697416692f77b2ee3733db52d8e7da954aa65bccfafdf8
189,7.5,clean/esm_0189_snr7.5.wav,noisy/esm_0189_snr7.5.wav,13.217,abfbd0c9820765241d711beab7fd7c077d0ad83b7b8ac94675ba03437c672901,f00fe3087c93d0717acd487907fd677ce77d94eecefa90c1f9306f00d6fa141b
190,12.5,clean/esm_0190_snr12.5.wav,noisy/esm_0190_snr12.5.wav,20.227,87e237e7880db65e704cf0c9e3c4e50e76b061a54d421812abfc6e1b2937aec3,289ba4a0f5ac4c4ebcc9654f62853d9c966877e91a020ae148dfce0c6665a79f
191,17.5,clean/esm_0191_snr17.5.wav,noisy/esm_0191_snr17.5.wav,44.01,cde25bf2d142d7474e6296bcfa86d95dc8a69f2fd45aba4bd40667c1c9b5dca4,446f3563e32cedc78cfe99c6806e39825dad85f51a453a9e3b4819ecc54e9c0e
192,2.5,clean/esm_0192_snr2.5.wav,noisy/esm_0192_snr2.5.wav,17.986,07ca3ba99eefbc5fdda0cd1099da7ea6400e1f48ea372e98513ddc22341e93be,bd5683ba2e49f28a5b66a353a2a484e882ae2675d5cb38b4c1f1e71913c78fef
193,7.5,clean/esm_0193_snr7.5.wav,noisy/esm_0193_snr7.5.wav,181.675,38f62bd8c16fd998d98a7b49231faa73a8d2c8f6169a1b268fc2a0849f1aa2fe,9c46b465c534e60a76b7b3abd79e89c385125c0ad2765f588a2ad8910d24b255
194,12.5,clean/esm_0194_snr12.5.wav,noisy/esm_0194_snr12.5.wav,15.27,bf822a3c9f16d26fe59bd9c92907ba3047ef45f00ee7641b96588be3ac7ce0c6,5c3b4affb6f168ffcd82c45dbedcea83cd074156ecd7075c0a413a5fea572221
195,17.5,clean/esm_0195_snr17.5.wav,noisy/esm_0195_snr17.5.wav,17.366,53f5bb5b08783fd7d31beef57bf74bee9841aab616d6f708abf3d7f9acf74228,6459acf99091f4a06648e547e2cc24af4b118cab06e46df09bb80255df0a8881
196,2.5,clean/esm_0196_snr2.5.wav,noisy/esm_0196_snr2.5.wav,13.988,df0cf81c49e536cbdc00a40f8fedb351d3248ec432f09716c4202e3d882e749e,44768e304db69e305be3c761a9863e9a7f42320476446d80ea82a732bb40306c
197,7.5,clean/esm_0197_snr7.5.wav,noisy/esm_0197_snr7.5.wav,10.957,a01c83faadb53cf6d73175ff721067c39ed1c1992d6ecad6ba80c837c4e544b2,0e318c1a964527a99d5b28bbb3160b9d0694b8e726a627e6be94599c64ab5dd2
198,12.5,clean/esm_0198_snr12.5.wav,noisy/esm_0198_snr12.5.wav,11.688,861abf3b6491a66360d2632133e08107fddd7d4c14a21fe74c09fda50d5ab8b9,04d32155f459e29eb62ec02db15d8868c297e1ca83dbabd0ec136c099888eb41
199,17.5,clean/esm_0199_snr17.5.wav,noisy/esm_0199_snr17.5.wav,24.772,500180dafc90c40840ea59cdcd6b4ba3a516fe8e6cfabc7e034ed49981a18307,7e9bf9f8d4d11790b2dc4f41c94b0b57bde4af6dd20f07e4acd91f7e6c96bde3
200,2.5,clean/esm_0200_snr2.5.wav,noisy/esm_0200_snr2.5.wav,15.544,4b222c7dd5b39f25deb7e8480c181324097448375929b08fe7e9a5d197e2524d,5a5064200f1c2a1431389888aff44e26e243506bde6fb78440604e84c0c6c360
201,7.5,clean/esm_0201_snr7.5.wav,noisy/esm_0201_snr7.5.wav,11.113,06b619029dc551106c972a5d8888b3718cea8d89fc4d15d4f824aa5a2cc75e05,ea4a2458360f86bcdf3676dedc6faf7e87cfec1264cb9e0a18c18a9b3c4e5006
202,12.5,clean/esm_0202_snr12.5.wav,noisy/esm_0202_snr12.5.wav,14.435,a9737407bf3bcd8dd459d7cf4efdd42889a27bc7ef785ce605ddb0561328ae90,ffabf12d7c451322838b1000c795efe49c7886fd68a066a2a5afcf3135f7d0e7
203,17.5,clean/esm_0203_snr17.5.wav,noisy/esm_0203_snr17.5.wav,10.264,2b77d56969ef360367c8ac3a79210645c50141ff289ae28f3070a6314cfbc016,4beb934602d0cbf7e3abbebbe2fd83d92cd90a3f4f580aa55593aa90bc877ba6
204,2.5,clean/esm_0204_snr2.5.wav,noisy/esm_0204_snr2.5.wav,18.63,7abb6940a4ad0818d2f45f4b4490d4fab78ee3b0e7f1ce200b2b018b5ca5a316,38671155910eedf066de5db9f2f5db4cb905b1aad183e4b4a54818853f72cc26
205,7.5,clean/esm_0205_snr7.5.wav,noisy/esm_0205_snr7.5.wav,14.28,18a74d449f0b51f4231f3ec189ccb19cecd9ada0aaa00b571e797c491d5906ec,30abde985fa9036d2bffda2b6ec633f9c5a3f656e52f9fcbbfe5846b7d801904
206,12.5,clean/esm_0206_snr12.5.wav,noisy/esm_0206_snr12.5.wav,21.457,040ea6e25172437e412a3236c584d673bcbe43b9e7a371d7ad26c53aa67c45a8,871dfae84341743d26261a7ad0e5f0de0ab3f2517e36f1f2c04249d1905208cf
207,17.5,clean/esm_0207_snr17.5.wav,noisy/esm_0207_snr17.5.wav,11.895,1ffcb5b2f51f151884888e9a2655829cd6e266adeb3eb24c3f989d3ff68d23b5,0ec230b9beb5759a1dd062e162890bb4ab9be62579e57907ebe47382b284baf0
208,2.5,clean/esm_0208_snr2.5.wav,noisy/esm_0208_snr2.5.wav,9.749,e96165a4c1a2be735380ca39fd6bf176e0eb77ca4eabcdb91436072e7b554e56,16fd59d8accb22e78f53c4743229680ad3be645a6a5b047262a9e79e9ad894b0
209,7.5,clean/esm_0209_snr7.5.wav,noisy/esm_0209_snr7.5.wav,15.585,daf8db0dbca19dc1a37cff9ce7543078414c39522ca961f54db08ec6415f8f55,7aed306e4a6b424eee673b0c5747c407ac0f6c548536fb4c5d5f71297c8e8592
210,12.5,clean/esm_0210_snr12.5.wav,noisy/esm_0210_snr12.5.wav,58.438,09a1e2a5f7171bb7f0d119ecd88dc3af237bebbcebcd98dc87a52d106f8519de,70c966bc2cce155b8de3771bb565c2f16c067f8021d8c77f5a9df8cd600aa288
211,17.5,clean/esm_0211_snr17.5.wav,noisy/esm_0211_snr17.5.wav,14.42,ce86e9d7926975493fc071ddef4135bc53146803f10195a4dfec307d637f4ef8,9cec1c003bd1599cbef0a4a8c6cad38f5d28dcc954d0f52c8fd0c2f4eb036693
212,2.5,clean/esm_0212_snr2.5.wav,noisy/esm_0212_snr2.5.wav,9.284,4980e7a81c15e84ac31e8799bc7ad925b5ca6007e066331ee946cad5431f46c8,0cd75da11a214b98019d3ce96c9a9350d3a8cde31e68d2f987963cbfacbcce97
213,7.5,clean/esm_0213_snr7.5.wav,noisy/esm_0213_snr7.5.wav,175.845,6bf7edc223691385aa253dabf3f7c3edd9dd78ca1e1cff2f42150fb7f04fe0e5,de0700d837921f7064a5bd23d7d7cbfe03589073008b6a7c92eb4aa7283df18a
214,12.5,clean/esm_0214_snr12.5.wav,noisy/esm_0214_snr12.5.wav,18.969,242336d8a10c02a91c1ee78ae72ca8dddf6de0a3439355847e8bbc40410facce,ec52d2b2a4ffb8165512149cfd791f1633726748b0a96272e1939308ed5386fc
215,17.5,clean/esm_0215_snr17.5.wav,noisy/esm_0215_snr17.5.wav,14.397,ca62bab2f672e99b39e32723a5aa1d46e2fd8a3f23ca6ad9c0a1bac921e49072,57b9b13e3984d36042381e9e4582b30424042409b63c5995f2093301da5138e5
216,2.5,clean/esm_0216_snr2.5.wav,noisy/esm_0216_snr2.5.wav,22.523,6447ccbe6d1e89361363fa802e0a065534111b4dd8a51a891fae649ac69edbc8,af389b3dd19b8780aea3db5ff04841297d9862f5b42eb2b16b3c7bc8b087f3fc
217,7.5,clean/esm_0217_snr7.5.wav,noisy/esm_0217_snr7.5.wav,7.937,7969fa1cf1c5ce8f24c26c6915f0c9c35e475618cb06f89c16cbe85648671ca7,fe3cdeb56fa758d37d4e789c725b3f49740a5c234b9441d75a16cb6a658181aa
218,12.5,clean/esm_0218_snr12.5.wav,noisy/esm_0218_snr12.5.wav,11.414,749ac1bceb14aa9663b227c7f15d0cbc8b3ea0d0df537cc27ddf544c8262e809,6d68dcaf489082bc14629628abcda18e0b23c4ab54ee109930374b69b770bf14
219,17.5,clean/esm_0219_snr17.5.wav,noisy/esm_0219_snr17.5.wav,19.472,d6b301bbcbcbfb962d8d0c934c7639293ff5dfd67bce41f4bdc6cd7c0c83e643,c1f4973970150e943dbe309dc3b55043d871eca90c8d841b6d3674bd66dd7a8c
220,2.5,clean/esm_0220_snr2.5.wav,noisy/esm_0220_snr2.5.wav,172.919,617175d36c5c4a48421573d68e99499fae5afe485223209db5e49d2ebca6a754,70faece19351364918b42f6b717a4c748354e725451d9b2a4d752974c6169fdc
221,7.5,clean/esm_0221_snr7.5.wav,noisy/esm_0221_snr7.5.wav,11.031,5f5f347a914875e37802252a1f8a092c34f458a1ce4519431ede7bd30ed09a60,76ac0843b1adce83d646eba6e799be6d9e26697d6c01aa723633776521a6d6c3
222,12.5,clean/esm_0222_snr12.5.wav,noisy/esm_0222_snr12.5.wav,14.31,fc3e0071a4411556cd23b2599f29ad02fe72d66b282919c27bec3a954a026fc6,6911c4711a8241dc12e78d1811ee961598ea30da8fbc4b5311860752f9cd2f89
223,17.5,clean/esm_0223_snr17.5.wav,noisy/esm_0223_snr17.5.wav,21.057,95f321f87fa0fbab047f7b7c0df52af2922973a3c6f523829665dca5a321ecd9,940bae6054780e6468f6f397ca81cc000b45a65160155c983c03805ed284608b
224,2.5,clean/esm_0224_snr2.5.wav,noisy/esm_0224_snr2.5.wav,41.279,f605baa6b4222f6439c493e66f7ec03878772aff20268469576d9518b54cff03,66e1cd66ccb9ea5770f74bbd7c94915d236b4c1de607131e41a294d9564c0036
225,7.5,clean/esm_0225_snr7.5.wav,noisy/esm_0225_snr7.5.wav,19.125,800bc18fecea739cffe3ce7acf72a9ccd89c70d7146a31955d4bd9391ab84a32,eebf79d9968f189dc2b9d58c38b90dc01cd765cd4d196fa6546d93b6ef65495e
226,12.5,clean/esm_0226_snr12.5.wav,noisy/esm_0226_snr12.5.wav,27.366,dd7afaf43e621555d7d386d79f7e8bb334b83152f7d5068f954254865422096e,24acd571d4712138f4bca3e04163e520e11d3c731eb4b0b3a29fa9b018a4dc09
227,17.5,clean/esm_0227_snr17.5.wav,noisy/esm_0227_snr17.5.wav,10.175,89dcfd2bc70f46e858f9a61a583aea0f43b95b112ed4dc14883a6b25a32518ed,cf091b06d18fe937af44dcc3a81b45830f893352054333b436469289b3690b74
228,2.5,clean/esm_0228_snr2.5.wav,noisy/esm_0228_snr2.5.wav,14.308,16572bb67f28882bce0775487f5cda5b3f564d8bbe763527cc8db0b4efd84f56,dd26dac283877054c6a29e7f4725e0ab093ec0ccdd834e23975e9e4b33a9a432
229,7.5,clean/esm_0229_snr7.5.wav,noisy/esm_0229_snr7.5.wav,23.118,561b2967e1d8c8c403256aeae0048556808c160dd4da0051f496e4575c03d389,a95364015e5918d3abc109a68e0ae89b48e9434bc405eedf037307dcafbf0b7b
230,12.5,clean/esm_0230_snr12.5.wav,noisy/esm_0230_snr12.5.wav,24.921,531f50e190ae3c521ecb5dfb0596bae57d72c828f835e94a3b8f36b599d09689,9bb432ab2db4478aa9b49d980e3c65d67d440ee62d2fd3e1439a8854b8dedec4
231,17.5,clean/esm_0231_snr17.5.wav,noisy/esm_0231_snr17.5.wav,10.866,0079a943c1734fb53be76704b4141df202949b39799167d1b36d72eda1b65361,b805902975b9c6d61c4a5a523b192d4c5c0e0773810be59aa1009caab7b4246d
232,2.5,clean/esm_0232_snr2.5.wav,noisy/esm_0232_snr2.5.wav,13.662,2262110408b6ddee043da7ea31e46e3177d176352f7f4766d895dd5dc86b8c2b,81223d1c219fa931d5bce6e78fbe67826e05cf7afb37e895b8bcb5f3fbdd0cf2
233,7.5,clean/esm_0233_snr7.5.wav,noisy/esm_0233_snr7.5.wav,12.779,d4412ac6886025b748629022017fd8de9a1faed8d215eb032e0a959662b666ee,031e08d9310e3d42cc310cf648f541cb9610e6c67dd0c17210d4fc038d6179b1
234,12.5,clean/esm_0234_snr12.5.wav,noisy/esm_0234_snr12.5.wav,15.466,993f31d7f8bc29f29ed84fe93919cc7dde3cbeb0923af5272b1eeeabc7309cdd,15ec9ac8c63c8c312befeee8fd01fb0d93f53c03f5d8af7fd3e7619f190136d9
235,17.5,clean/esm_0235_snr17.5.wav,noisy/esm_0235_snr17.5.wav,13.764,dd865330a24bb6c024dccca90696b3cc82da495e0919766f443ab39d3eee8023,e960ea2fd9f29c972b4cb204e3f9aa1fb6b942206cda12697cd8431986f1e14a
236,2.5,clean/esm_0236_snr2.5.wav,noisy/esm_0236_snr2.5.wav,12.631,31214805712a237c790cc13ac1300c424aba91cac5fac7c8601277d8a15b85c8,9fa362bbaace1b3ed0aa3d04a81c3cb8529b58dddf301ff6efc4a020869553d4
237,7.5,clean/esm_0237_snr7.5.wav,noisy/esm_0237_snr7.5.wav,24.747,d3dd01707ef48e8d4cbc34f7b43187e4bb9dac308a9028287b3b2a45a1ce301f,a769a920b57e89e4243f67d1675d6898c754bb2d0fe7308f35c46873675891a2
238,12.5,clean/esm_0238_snr12.5.wav,noisy/esm_0238_snr12.5.wav,17.181,37690d43ee5b33f4a31f73708cd5b98c28faee8fa820ad187a823450eb48cc19,cfcc18b3637180f600449e65f1a5b4fd99798640bfe2daefe89bf674d311d745
239,17.5,clean/esm_0239_snr17.5.wav,noisy/esm_0239_snr17.5.wav,16.111,077673e84669c1399f29635fda4a784d749c1cb17c6a5ac1f078b327b4adeb11,71ca74912c32f9d02cfb1af550a522a0aa995fc774cc76f32d93d2f5cd6b5967
240,2.5,clean/esm_0240_snr2.5.wav,noisy/esm_0240_snr2.5.wav,20.48,fe43de990c0bc6b48c267df8c86fed1f3d27fba247323531da7d4aed6dc3a454,c0b2ac46b4071b3d8adaa165320775b830f2cca7f48a879ffd0cb75049b8f442
241,7.5,clean/esm_0241_snr7.5.wav,noisy/esm_0241_snr7.5.wav,15.263,e4fdba4b20780be4c45a5cea0585367b25389674e4d978e06fe4d50b67b30ae8,fd12c132180c7c18eafbe8d93aec62096b043673b183da6ab5e08c7e858a876f
242,12.5,clean/esm_0242_snr12.5.wav,noisy/esm_0242_snr12.5.wav,12.139,af6c07274ca55e4bf09610f895fa0cda86926dadda1bf772fd6e4f7d356d26d4,58ec7ff8ce75edba16b035a86f13d3f640ebcb96c26b3bbd6168c4cc56c24a92
243,17.5,clean/esm_0243_snr17.5.wav,noisy/esm_0243_snr17.5.wav,14.999,828d1ff7389026ebd1a14d14c12d21aa1ff2b6bd1d5fe0fa8366ade57e7aef74,e2b5531a5117e10bbb66d1c80be85a3a416908bdeca80ccfb98061bfd07e5be1
244,2.5,clean/esm_0244_snr2.5.wav,noisy/esm_0244_snr2.5.wav,13.72,0d7c4c1ab9188219e2286a96fd0ecb4205d2ef9e2ad2ed16371b34136bea612b,3e3dd587b5ab96a597647fc48a1fc229d2cb4e787de39e8d3e374849b025290a
245,7.5,clean/esm_0245_snr7.5.wav,noisy/esm_0245_snr7.5.wav,13.148,657174bd321233a08e3a7be1e4a64fc4ec0a65bf329401db967b238a3613813e,1c4ef7b61ffd542ba8657c7aed2a6f741c66faef1039c28611f171b436fe8e5d
246,12.5,clean/esm_0246_snr12.5.wav,noisy/esm_0246_snr12.5.wav,12.277,2b457f4bb5822592986cc8271cfe14501eee3893611c68647ced3f181ecf2272,bdeda5b3c8d295cf514faf2329301d2a46724f7c618ab46c8459ff9b3ce7ac98
247,17.5,clean/esm_0247_snr17.5.wav,noisy/esm_0247_snr17.5.wav,14.153,381f1bf763461ffad5af77ccb137c7cd0827d1cecd5e4cb0c330ee255c27c0a1,d859fe0f3aed45c0398300bd70682fc9a9afc47b498ef7ce8d9fac8f0abb7fb7
248,2.5,clean/esm_0248_snr2.5.wav,noisy/esm_0248_snr2.5.wav,18.864,b19a4e91080da022e132bbd389420d771086ccd9b50de04b9c13664b14402e26,626e9b25a3f7f479eb961e70aed4290d53e54b753839d186c5e0d8429d9a195b
249,7.5,clean/esm_0249_snr7.5.wav,noisy/esm_0249_snr7.5.wav,8.632,fc826fd8e89fa13e3f8da5760f06f930c471a0f3752c0f3eae574524426be9ac,c415d9f56d628c9c4217d3fe5876bc397f6b151aaba7aae57020a36091cfa9c4
250,12.5,clean/esm_0250_snr12.5.wav,noisy/esm_0250_snr12.5.wav,28.28,560f85b14adcd99e14b24727c48f4935eab1fd7b2427c12c541adcf22173b497,dd2e00b777beb44af61a970de6ee6deea876cd958ee0dd93a8af5cc35da4ee60
251,17.5,clean/esm_0251_snr17.5.wav,noisy/esm_0251_snr17.5.wav,12.977,8b7b1aa0a3364173d99d701a95c56b43410d8ce88f343319e2cb13cdcfd54333,00987af15c5692448672943b5da74e562e852a0d696528013f0a8eff63da0d67
252,2.5,clean/esm_0252_snr2.5.wav,noisy/esm_0252_snr2.5.wav,14.454,1e00c5563ee95181a68cc8a4e95bb2ca5456b28d6892f47496f733e8d44843b7,72c7bf3a4f75dc807c0717e5a9f0b4b2bca43328d073ced56751a441b58b856a
253,7.5,clean/esm_0253_snr7.5.wav,noisy/esm_0253_snr7.5.wav,14.299,56b63c1193a0b1232bcaaa3efc6bf8300d06e0ab1b43d481a08a4a5c5e692969,0c16fa2503e9654e0b9629953e68a9c122ce0856d542664e6e32a7fa6ddcbb54
254,12.5,clean/esm_0254_snr12.5.wav,noisy/esm_0254_snr12.5.wav,23.632,071c8c6f996d3e02b27138b18ef6f700acc048a862cc2dabe56115254daf2163,f5fd16d6696300de86498c5daf8edc377d0ffb550446316f59dc42d7a10d5abc
255,17.5,clean/esm_0255_snr17.5.wav,noisy/esm_0255_snr17.5.wav,21.439,f658d23d04d554b263e72abd4d9055eb88cc38fecf2e2e08e70e4fac49c7dab8,44e2f3d72b66197d02cc4012e1d9d04c69c39cb32ab35fbc3799f1b5ce431081
256,2.5,clean/esm_0256_snr2.5.wav,noisy/esm_0256_snr2.5.wav,21.967,02ea6a2ad3ff1bfc7cad5cbd5e352c7e814f4ddd6e25a3cd4d3e400a9f4f5692,790f47a8ee697673ba50df89ba2224579c6900f985bfe7b8f58f167784cd9bc1
257,7.5,clean/esm_0257_snr7.5.wav,noisy/esm_0257_snr7.5.wav,23.453,9858580e6f710f90ab7b994c15bc57e28240d17d45ad344799784323e13cc48a,5623b2fed8da8764841c428cd283005fb62022e0e8337bb964c23f7ee215204a
258,12.5,clean/esm_0258_snr12.5.wav,noisy/esm_0258_snr12.5.wav,12.436,ef7bf31815db7e119258c2b373874d63fed0c16cc9f2f84791e4a231ddc84e1b,d9c9aa6884c2705d65f2423f27d430d63c22c92949b092c0df220e311601070d
259,17.5,clean/esm_0259_snr17.5.wav,noisy/esm_0259_snr17.5.wav,14.591,f0d4bb7c9f18aa8850514a94f8738b4accd2104db8d659fe47548b25c859bf59,b0e16485a1e68b529a1242b3457e9012c5603ed36defee80d14a58e620e96bf9
260,2.5,clean/esm_0260_snr2.5.wav,noisy/esm_0260_snr2.5.wav,15.295,cda190397193fe33edf4468bc02a40c5ce9768c225b47ec99848f07220d3f844,1d2c7f8e98c9a2349d7183f27fb1a4632a32c01476de87d66a4f6b56afe32c46
261,7.5,clean/esm_0261_snr7.5.wav,noisy/esm_0261_snr7.5.wav,9.147,bcc8f8a1f887c480c14c4b575883e3b60fc30d4b4adc8ddc6e2c34f594ee416f,f232fc8bd9d5266ff6d7bbeae9aa95114795c3d53909d3911a1ed5a0a45bd619
262,12.5,clean/esm_0262_snr12.5.wav,noisy/esm_0262_snr12.5.wav,20.813,f278209ed8255a27fd33de10040594fed17c05bf87e25a090f217de466c13c32,14609ac8095d270d5b9bcdbc69d68e60e421005e97cc77c5a56897f09ea24afe
263,17.5,clean/esm_0263_snr17.5.wav,noisy/esm_0263_snr17.5.wav,10.197,0b5fdcf0f4ce553cc2c49e6e36d054cfc1f4f0f6c09d8871cc40d21402b7ccdf,d39bdb16e47e8f836748a2f1182f0f8cd79baf1f6351befe344c918567d224cc
264,2.5,clean/esm_0264_snr2.5.wav,noisy/esm_0264_snr2.5.wav,12.147,d4ee162ec8121bc98f492b7e17e28e8059a3155092e00fded86b2058ae620253,d4a265f16a2d1ce18d3c79bfe0da152fc434f48d208ff4ccb91308fdca105a14
265,7.5,clean/esm_0265_snr7.5.wav,noisy/esm_0265_snr7.5.wav,10.632,70e24e99f4e29b92791a132276e04408908345e31788ca4a807176353a36624d,1589cbfc417f4844d6ea02176541d005159eab67f87ebc614c859be27dcb8ff6
266,12.5,clean/esm_0266_snr12.5.wav,noisy/esm_0266_snr12.5.wav,7.824,c1e80cbe99c9cec196402f0e7edc9182d49502d28779a477a3cbe83b09b74444,943386c3cc3a7b60643d818c196d1d643c9388d7c32352b88a179c4dbac3e522
267,17.5,clean/esm_0267_snr17.5.wav,noisy/esm_0267_snr17.5.wav,12.11,4125a75c51063ac5c1b6561c6bd7a8c6dae8d1f7db92feca08f6cfe9ff62c4c6,57b4211392fe480af78b7219efbdfb1decf5f2975867f59ef47251d6baf165cf
268,2.5,clean/esm_0268_snr2.5.wav,noisy/esm_0268_snr2.5.wav,12.825,8789cd8b3e1c8257eb457d01bb7727725db2b05a20ab5b583ee3ebcce3c40cac,25ed040a70f7f74286263225184f39bf086233bea33ec79a57a272f3c10c9a54
269,7.5,clean/esm_0269_snr7.5.wav,noisy/esm_0269_snr7.5.wav,27.34,954d09c38c44efe026cad9a0f6d5e434824fadb5d785914978c0f3b5079b2105,050de00536041eb725434d4d1ea0c43f9c0f5813d7ab5d3e18660cd0dd94bb23
270,12.5,clean/esm_0270_snr12.5.wav,noisy/esm_0270_snr12.5.wav,19.132,1897f1e564db865811313dac1fe6f059ec527f28179f5c4e43d242f221464437,90a19cbd58f368def745f0a08a3781bccc197cd6bcb4e3eaaeb35d8f901e67ae
271,17.5,clean/esm_0271_snr17.5.wav,noisy/esm_0271_snr17.5.wav,12.222,3ef4356380c2b2107c77401f70175ab15461d40e0570f297c993a0e5c910b0d8,9e115d0c9629b5f0a8f8f3380cd857bc61fccc40384d0cda698d800f05b96fca
272,2.5,clean/esm_0272_snr2.5.wav,noisy/esm_0272_snr2.5.wav,9.235,811f43141a00695f5a36bbebf89008bfa8e9d2333efc6250b0ffdd831b2fd615,bf227e80f4461b5f105997e8f6a03b6eb5d5ac70826b987f703e15dc6aa13754
273,7.5,clean/esm_0273_snr7.5.wav,noisy/esm_0273_snr7.5.wav,12.573,9ea050d9c86f4f2c3d7e1d4f746f081321ea4024875829ddc6bb4b5184f1fa7e,2e7c97381ba55119be5215a3ea7067b0f3c32c18774850a9da479c67f7f77838
274,12.5,clean/esm_0274_snr12.5.wav,noisy/esm_0274_snr12.5.wav,13.895,27f177611d6652a76dba1b11de5554d59c2cab516092fc57905a370894fd364f,81743f2e513091037cf5303980802b883388f9d5efbde9a3b9e361da175e02ba
275,17.5,clean/esm_0275_snr17.5.wav,noisy/esm_0275_snr17.5.wav,9.826,5e8a6bf5f9e205aaf5991e2c9430d31de838c6f83c6196ecc94a44fcebec6733,694a59135fcf06d6a6abab183a992067d4211169d21360e43dce87af3e74ae77
276,2.5,clean/esm_0276_snr2.5.wav,noisy/esm_0276_snr2.5.wav,15.039,5de167d9556ac109e2c0183e2723428cecedc822e41f1e7a28c1ec7a04304fbc,cd40ce56f8381fa20831e9f6abf9a3320b11592a7e0623693a6a5bb7ede28e6d
277,7.5,clean/esm_0277_snr7.5.wav,noisy/esm_0277_snr7.5.wav,13.672,441c830115a75de4dcfee4f8125a0229d83353621e9e994c046f870e183b530d,89ccd8e1cf19cd8a9f12da736644ce38f2e621b16aa4eacda2aa49345093639e
278,12.5,clean/esm_0278_snr12.5.wav,noisy/esm_0278_snr12.5.wav,16.306,03ba3b0c5effe12138b104c3be66c117cbe9d9bc0149be205e32a3552388f0e5,8e7f5068bde47c33b37ab71a1ac791f87e5fd27c392e6c8a3960aaf7a6bef318
279,17.5,clean/esm_0279_snr17.5.wav,noisy/esm_0279_snr17.5.wav,10.614,d198b9c65c21855df2a1d1e8e40b0f2ce3164adf00a9bd99ed0b621585189be5,289a3b639d668426cf3707951bbcaf259743aa4349a8bcf6c88dadc8c4d7abab
280,2.5,clean/esm_0280_snr2.5.wav,noisy/esm_0280_snr2.5.wav,60.844,d9528725501436499220231a94337eb9ff1339c57a37800c47a99db066e1392b,296d02d290db825e1fa0c6348b6065513cc3995f5fe7961010d462f3ce0ab35b
281,7.5,clean/esm_0281_snr7.5.wav,noisy/esm_0281_snr7.5.wav,10.137,bf212c74ea440827da6fde3253d091f6a44d7ec28a4f99035b49dff08b22d6f7,46b939c0c074b070793d120ad49f5bd6fc61d8865ad36a9b20b9fb85d997def3
282,12.5,clean/esm_0282_snr12.5.wav,noisy/esm_0282_snr12.5.wav,25.232,f6dbe01d76d46a797cb5105bda5ccc3b19971996870b17e18d60f77816562a5c,fcc2ae81ca622e40a98356eadd5a594bd26a682e775431728b31c4e38f49f771
283,17.5,clean/esm_0283_snr17.5.wav,noisy/esm_0283_snr17.5.wav,6.409,ba41470952315d7a74bbd4a7264ce6f2ff795d1cf7682b30d44bedc5d65cf2c4,e03a696276f0ed1853701789795362e5844e4400adbec7663810482c785937d6
284,2.5,clean/esm_0284_snr2.5.wav,noisy/esm_0284_snr2.5.wav,25.761,0e1fd9c0b62c8324507b9abcc63e2c7ce2863848ebbd73ba95af50715a34cdee,365e6b8b69d184ea10cf5814692bba40672a93d148b36fcca4d4e7e81ef17c13
285,7.5,clean/esm_0285_snr7.5.wav,noisy/esm_0285_snr7.5.wav,21.069,b465416d8484d33ae84b28a76729475c38a7d4b65e7f3e1241437bd9b70ea2ba,3b1c9c7c11ab846203255e451feb00873363d9048e65ef15f55a7197c3401a65
286,12.5,clean/esm_0286_snr12.5.wav,noisy/esm_0286_snr12.5.wav,9.052,a5d736b01c4a1350d8388f190c8e769f4d03acc0fcf6572fdcb8ddf8d3893921,5e11a8ca3c2cb5cb14e9a46b78273730051a43b5880f71f62a386c66b0923208
287,17.5,clean/esm_0287_snr17.5.wav,noisy/esm_0287_snr17.5.wav,22.571,b0e7cb6f4c6b6a6985924bc3a38ed01b4f58a073909de3d0ee663f009a481ff4,158a8cac07a781a5ec71e5518b5dce9b2e70094ea3baf755165544a01fbba1f7
288,2.5,clean/esm_0288_snr2.5.wav,noisy/esm_0288_snr2.5.wav,12.444,438788c0a97290fe25e86b20dc82be8ebc44c4919a26cdffff16ac08f2450b5b,deb3982c9a6b42fe954a86df71a784ead836d46aa5cb46be0a345ad49fb7b593
289,7.5,clean/esm_0289_snr7.5.wav,noisy/esm_0289_snr7.5.wav,12.085,31979e87387541bc677410124745165b4593f4c5a561902f40eb1c9fa3942d66,c905712ff56b44c6e6b6cec628e3ee7f2d05d20e2a5cd851243db457e2a136b5
290,12.5,clean/esm_0290_snr12.5.wav,noisy/esm_0290_snr12.5.wav,13.575,79db74aecc4669b05c81b3f9c952edc9feee3b4259ab2e0c35cc52fac7ac83e2,f81f53288280ef9c605506a29eb4dc49deefcb95c8e6e27bea167a12b3d2476e
291,17.5,clean/esm_0291_snr17.5.wav,noisy/esm_0291_snr17.5.wav,19.344,18643ab381256dde9feb576189c7103f3741f62a1f5534aa4269ef6904f32934,286e0b1ab33bceb5dd3b95ecffd11e39645cf587f5d7707f4dc19b9eea5b20ff
292,2.5,clean/esm_0292_snr2.5.wav,noisy/esm_0292_snr2.5.wav,32.137,fcbb7ac438d6e9c2a08aa589f3a81e0b7b87aa9e29c9398de236543e8ebd8c52,65103b0601c8643003ba8cac1b6548b9558eae8934d9fbee61f8315d8d86cbe3
293,7.5,clean/esm_0293_snr7.5.wav,noisy/esm_0293_snr7.5.wav,16.995,f6c76f48d1dd327ca1d4f6de39d74507995eb0cf76af80ea6e26766a1eae8e17,61deefd9e1df56ded0cc6a38906fbee6da49e4fb22be6b100976bf8f60e96b0b
294,12.5,clean/esm_0294_snr12.5.wav,noisy/esm_0294_snr12.5.wav,20.488,d50ea3139a28f957a19f0ad65a11c38802e5a375ff8e967b852b4e2b78a4d1f3,a50a5b1c4406b7125a0e6eb64fc95cb4a6e18b095800868b8cd112e03acf2074
295,17.5,clean/esm_0295_snr17.5.wav,noisy/esm_0295_snr17.5.wav,177.181,ef94a8c57a0d2850eb8193fb4d303a27c5e0303d8139c92db526ba54e8fe6635,1fd9b2fca28b299ff5a6bbeb3a9bed1f48d785cb9ca5cc84e8f4f163348ea8c1
296,2.5,clean/esm_0296_snr2.5.wav,noisy/esm_0296_snr2.5.wav,12.62,3510cac7e4a8d20e938d463b9fcd25e7929cf7e73151eb4f803e61c3bdd98060,c52bf64d5bd588a0ade4b7fd4eef3498d5e59dcfbe2bb3e30e8c12873770aa58
297,7.5,clean/esm_0297_snr7.5.wav,noisy/esm_0297_snr7.5.wav,180.243,0a21dbff5b36dbddb0101f647027040ce92a6324032625da3078a0ad72046bf5,0da70d3bf8d9f13f6e7b4584a236254731cc45d6cfa08ba3e620140ed7770e31
298,12.5,clean/esm_0298_snr12.5.wav,noisy/esm_0298_snr12.5.wav,54.831,f1e378352013e339ca27113a36f3decb8dc4c7e215ebe806a5d3afce27364194,9be944387237aff1ef423ae77d8944c7c8221f1fb37713fdb1a5b90f3eb75eaf
299,17.5,clean/esm_0299_snr17.5.wav,noisy/esm_0299_snr17.5.wav,20.414,0c5cc38b6b5c9f6320493e101aa763fedb71fb8448505fb64d3a5c74a1547be1,b50f64c61c510069f12e87c45c99c75c58ebb0a534ca2bf7f0602868645ee57a
